Country Name,1970,1971,1972,1973,1974,1975,1976,1977,1978,1979,1980,1981,1982,1983,1984,1985,1986,1987,1988,1989,1990,1991,1992,1993,1994,1995,1996,1997,1998,1999,2000,2001,2002,2003,2004,2005,2006,2007,2008,2009,2010,2011,2012,2013,2014,2015,2016
Arab World,6.891975023,6.841981012,6.788941293,6.735216018,6.682012256,6.629874696,6.577791117,6.52429984,6.466951907,6.40407359,6.335755611,6.260370499,6.178956196,6.090273315,5.994150414,5.888724534,5.770248449,5.640118299,5.499388002,5.349505442,5.206192299,5.045518409,4.901878524,4.737133981,4.575805534,4.41069309,4.267818085,4.135882231,4.015882147,3.909108868,3.816225752,3.736141193,3.667374626,3.608911766,3.559760132,3.521001544,3.493350985,3.476804952,3.470126489,3.469736491,3.471665775,3.47000274,3.461347255,3.442828657,3.413299455,3.373839686,3.326532401
Australia,2.859,2.961,2.744,2.491,2.397,2.148,2.06,2.007,1.949,1.907,1.891,1.935,1.929,1.924,1.84,1.923,1.868,1.845,1.831,1.838,1.902,1.849,1.888,1.859,1.842,1.822,1.796,1.778,1.762,1.755,1.756,1.739,1.756,1.748,1.768,1.807,1.908,1.959,1.984,1.971,1.928,1.926,1.917,1.851,1.821,1.809,1.809
Burundi,7.289,7.299,7.312,7.329,7.35,7.373,7.394,7.41,7.418,7.42,7.418,7.417,7.423,7.438,7.459,7.485,7.509,7.527,7.533,7.526,7.505,7.473,7.432,7.387,7.338,7.288,7.236,7.182,7.126,7.068,7.008,6.948,6.887,6.824,6.759,6.69,6.616,6.534,6.447,6.353,6.256,6.156,6.058,5.962,5.869,5.781,5.697
Belgium,2.25,2.21,2.09,1.95,1.83,1.74,1.73,1.71,1.69,1.69,1.68,1.66,1.61,1.57,1.54,1.51,1.54,1.54,1.57,1.58,1.62,1.66,1.65,1.61,1.56,1.56,1.59,1.6,1.6,1.62,1.67,1.67,1.65,1.67,1.72,1.76,1.8,1.82,1.85,1.84,1.86,1.81,1.79,1.75,1.74,1.7,1.7
Burkina Faso,6.623,6.657,6.697,6.744,6.799,6.859,6.922,6.984,7.041,7.09,7.127,7.152,7.165,7.167,7.159,7.142,7.119,7.092,7.064,7.036,7.007,6.979,6.95,6.917,6.882,6.844,6.801,6.754,6.704,6.65,6.592,6.531,6.468,6.403,6.335,6.265,6.192,6.116,6.036,5.953,5.868,5.781,5.693,5.607,5.521,5.436,5.353
Bahrain,6.501,6.297,6.094,5.899,5.721,5.56,5.417,5.285,5.158,5.036,4.916,4.8,4.688,4.578,4.47,4.36,4.245,4.124,3.997,3.866,3.732,3.599,3.471,3.352,3.244,3.147,3.062,2.987,2.919,2.856,2.795,2.731,2.663,2.59,2.514,2.436,2.363,2.297,2.241,2.197,2.164,2.139,2.118,2.098,2.078,2.056,2.033
Barbados,3.113,2.949,2.794,2.648,2.513,2.393,2.288,2.198,2.121,2.057,2.004,1.96,1.922,1.889,1.858,1.83,1.805,1.782,1.765,1.75,1.74,1.733,1.729,1.728,1.729,1.73,1.733,1.736,1.739,1.742,1.744,1.746,1.749,1.752,1.755,1.759,1.763,1.768,1.772,1.777,1.781,1.785,1.788,1.791,1.794,1.796,1.797
Botswana,6.645,6.615,6.582,6.547,6.51,6.472,6.433,6.392,6.345,6.288,6.214,6.114,5.984,5.826,5.644,5.445,5.239,5.04,4.854,4.687,4.54,4.411,4.292,4.177,4.064,3.951,3.836,3.72,3.606,3.494,3.387,3.286,3.194,3.113,3.043,2.987,2.946,2.918,2.901,2.891,2.884,2.876,2.863,2.842,2.812,2.774,2.73
Central African Republic,5.954,5.954,5.953,5.952,5.951,5.95,5.951,5.952,5.953,5.954,5.954,5.955,5.955,5.953,5.949,5.94,5.926,5.905,5.878,5.845,5.808,5.767,5.727,5.687,5.651,5.618,5.589,5.564,5.541,5.52,5.5,5.48,5.459,5.436,5.411,5.383,5.353,5.322,5.289,5.254,5.215,5.172,5.123,5.067,5.006,4.94,4.869
Switzerland,2.1,2.04,1.91,1.81,1.73,1.61,1.55,1.53,1.51,1.52,1.55,1.55,1.56,1.52,1.53,1.52,1.53,1.52,1.57,1.56,1.58,1.58,1.58,1.51,1.49,1.48,1.5,1.48,1.47,1.48,1.5,1.38,1.39,1.39,1.42,1.42,1.44,1.46,1.48,1.5,1.52,1.52,1.52,1.52,1.54,1.54,1.54
Cameroon,6.203,6.246,6.287,6.328,6.367,6.406,6.448,6.492,6.538,6.583,6.625,6.661,6.688,6.704,6.707,6.695,6.667,6.626,6.573,6.509,6.436,6.354,6.264,6.17,6.073,5.978,5.886,5.799,5.718,5.645,5.58,5.524,5.475,5.431,5.39,5.35,5.309,5.266,5.219,5.167,5.111,5.049,4.984,4.917,4.848,4.778,4.708
Colombia,5.548,5.3,5.067,4.857,4.675,4.523,4.396,4.284,4.177,4.071,3.965,3.855,3.744,3.634,3.526,3.42,3.32,3.227,3.142,3.065,2.994,2.927,2.86,2.794,2.727,2.66,2.596,2.535,2.481,2.432,2.389,2.349,2.311,2.274,2.236,2.197,2.157,2.118,2.08,2.044,2.01,1.978,1.948,1.921,1.897,1.874,1.853
Cabo Verde,6.935,6.913,6.887,6.855,6.818,6.771,6.714,6.645,6.564,6.473,6.375,6.274,6.174,6.075,5.979,5.883,5.784,5.68,5.565,5.441,5.307,5.162,5.011,4.856,4.698,4.539,4.38,4.222,4.065,3.911,3.762,3.62,3.484,3.357,3.237,3.126,3.022,2.925,2.833,2.747,2.666,2.593,2.528,2.47,2.419,2.374,2.334
Cuba,4.033,3.857,3.646,3.4,3.127,2.844,2.573,2.332,2.134,1.987,1.892,1.843,1.826,1.825,1.832,1.837,1.836,1.826,1.809,1.782,1.75,1.715,1.684,1.66,1.645,1.637,1.635,1.634,1.631,1.625,1.617,1.606,1.594,1.583,1.575,1.57,1.572,1.581,1.596,1.616,1.639,1.663,1.685,1.702,1.713,1.72,1.722
Cyprus,2.61,2.547,2.491,2.44,2.393,2.352,2.323,2.31,2.312,2.328,2.354,2.385,2.415,2.438,2.453,2.458,2.456,2.45,2.442,2.43,2.411,2.381,2.337,2.278,2.206,2.124,2.036,1.946,1.861,1.783,1.716,1.66,1.614,1.576,1.545,1.52,1.498,1.479,1.461,1.443,1.424,1.405,1.388,1.373,1.36,1.35,1.343
Djibouti,6.804,6.823,6.83,6.823,6.803,6.77,6.729,6.685,6.639,6.596,6.554,6.513,6.471,6.426,6.378,6.328,6.28,6.234,6.188,6.137,6.073,5.986,5.869,5.721,5.546,5.352,5.152,4.958,4.78,4.622,4.484,4.359,4.24,4.118,3.994,3.867,3.739,3.617,3.502,3.397,3.301,3.213,3.131,3.055,2.982,2.913,2.847
Denmark,1.95,2.04,2.03,1.92,1.9,1.92,1.75,1.66,1.67,1.6,1.55,1.44,1.43,1.38,1.4,1.45,1.48,1.5,1.56,1.62,1.67,1.68,1.76,1.75,1.81,1.8,1.75,1.75,1.72,1.73,1.77,1.74,1.72,1.76,1.78,1.8,1.85,1.84,1.89,1.84,1.87,1.75,1.73,1.67,1.69,1.71,1.71
Algeria,7.643,7.624,7.597,7.558,7.505,7.434,7.344,7.234,7.105,6.957,6.794,6.617,6.43,6.237,6.038,5.835,5.627,5.412,5.191,4.962,4.726,4.479,4.223,3.962,3.702,3.448,3.208,2.988,2.796,2.635,2.514,2.438,2.403,2.405,2.438,2.497,2.575,2.662,2.749,2.828,2.889,2.925,2.936,2.924,2.89,2.839,2.776
Ecuador,6.138,6.011,5.873,5.727,5.577,5.426,5.276,5.129,4.988,4.853,4.727,4.611,4.503,4.401,4.305,4.213,4.123,4.034,3.945,3.856,3.767,3.679,3.594,3.514,3.437,3.364,3.294,3.225,3.157,3.09,3.027,2.968,2.914,2.868,2.828,2.793,2.763,2.736,2.71,2.684,2.656,2.628,2.599,2.571,2.542,2.514,2.486
"Egypt, Arab Rep.",6.233,6.144,6.056,5.974,5.899,5.833,5.776,5.727,5.682,5.639,5.6,5.563,5.528,5.489,5.444,5.382,5.294,5.177,5.031,4.857,4.663,4.455,4.247,4.048,3.865,3.705,3.571,3.459,3.367,3.293,3.233,3.181,3.133,3.088,3.047,3.016,3.004,3.016,3.055,3.114,3.185,3.253,3.306,3.335,3.336,3.311,3.265
Spain,2.84,2.9,2.87,2.84,2.88,2.77,2.77,2.65,2.54,2.37,2.22,2.04,1.94,1.8,1.73,1.64,1.56,1.49,1.45,1.4,1.36,1.33,1.31,1.26,1.19,1.16,1.14,1.15,1.13,1.17,1.22,1.23,1.25,1.3,1.31,1.33,1.36,1.38,1.45,1.38,1.37,1.34,1.32,1.27,1.32,1.33,1.33
Ethiopia,6.978,7.02,7.06,7.094,7.121,7.143,7.167,7.195,7.23,7.271,7.316,7.36,7.397,7.424,7.437,7.435,7.418,7.387,7.347,7.298,7.246,7.193,7.143,7.094,7.046,6.995,6.935,6.861,6.769,6.659,6.529,6.38,6.216,6.044,5.867,5.69,5.519,5.355,5.201,5.057,4.924,4.798,4.677,4.556,4.437,4.317,4.198
Finland,1.83,1.68,1.58,1.49,1.61,1.68,1.7,1.68,1.64,1.64,1.63,1.64,1.71,1.74,1.69,1.64,1.6,1.59,1.69,1.71,1.78,1.79,1.85,1.81,1.85,1.81,1.76,1.75,1.7,1.73,1.73,1.73,1.72,1.76,1.8,1.8,1.84,1.83,1.85,1.86,1.87,1.83,1.8,1.75,1.71,1.65,1.65
Fiji,4.543,4.397,4.275,4.178,4.106,4.054,4.018,3.992,3.968,3.941,3.907,3.864,3.813,3.755,3.693,3.629,3.568,3.512,3.465,3.427,3.398,3.374,3.352,3.33,3.305,3.276,3.244,3.209,3.171,3.132,3.09,3.046,3.001,2.954,2.907,2.86,2.816,2.774,2.735,2.701,2.669,2.641,2.615,2.59,2.565,2.541,2.516
France,2.55,2.47,2.38,2.28,2.18,2.09,2.01,1.94,1.89,1.87,1.85,1.85,1.86,1.86,1.86,1.86,1.85,1.83,1.81,1.79,1.77,1.75,1.74,1.73,1.73,1.74,1.75,1.77,1.78,1.81,1.89,1.9,1.88,1.89,1.92,1.94,2,1.98,2.01,2,2.03,2.01,2.01,1.99,2.01,1.96,1.96
United Kingdom,2.44,2.41,2.2,2.04,1.92,1.81,1.74,1.69,1.75,1.86,1.9,1.82,1.78,1.77,1.77,1.79,1.78,1.81,1.82,1.79,1.83,1.82,1.79,1.76,1.74,1.71,1.73,1.72,1.71,1.68,1.64,1.63,1.63,1.7,1.75,1.76,1.82,1.86,1.91,1.89,1.92,1.91,1.92,1.83,1.81,1.8,1.8
Guinea,6.225,6.249,6.277,6.306,6.337,6.369,6.402,6.436,6.468,6.5,6.529,6.557,6.581,6.602,6.619,6.631,6.637,6.637,6.631,6.618,6.598,6.57,6.535,6.493,6.444,6.391,6.334,6.273,6.211,6.147,6.082,6.015,5.947,5.877,5.804,5.729,5.653,5.575,5.496,5.417,5.336,5.256,5.175,5.094,5.014,4.934,4.855
"Gambia, The",6.093,6.141,6.185,6.226,6.262,6.293,6.316,6.333,6.342,6.343,6.337,6.323,6.303,6.277,6.248,6.219,6.19,6.164,6.141,6.122,6.107,6.094,6.082,6.069,6.054,6.038,6.021,6.002,5.984,5.966,5.947,5.927,5.906,5.884,5.86,5.835,5.81,5.785,5.76,5.735,5.707,5.676,5.638,5.595,5.544,5.488,5.425
Greece,2.4,2.32,2.32,2.27,2.38,2.33,2.35,2.27,2.28,2.26,2.23,2.09,2.03,1.94,1.83,1.67,1.6,1.5,1.5,1.4,1.39,1.37,1.36,1.32,1.33,1.28,1.26,1.27,1.24,1.23,1.25,1.25,1.28,1.29,1.31,1.34,1.4,1.41,1.5,1.5,1.48,1.4,1.34,1.29,1.3,1.33,1.33
Guatemala,6.642,6.62,6.599,6.578,6.558,6.535,6.51,6.48,6.443,6.399,6.342,6.271,6.185,6.086,5.977,5.865,5.757,5.658,5.572,5.5,5.437,5.38,5.32,5.252,5.174,5.087,4.993,4.895,4.797,4.699,4.598,4.49,4.372,4.245,4.11,3.971,3.833,3.701,3.58,3.471,3.375,3.292,3.219,3.151,3.089,3.029,2.973
"Hong Kong SAR, China",3.284,3.459,3.315,3.177,2.967,2.666,2.48,2.376,2.272,2.12,2.047,1.933,1.86,1.722,1.559,1.491,1.367,1.311,1.4,1.296,1.272,1.281,1.347,1.342,1.355,1.295,1.191,1.127,1.016,0.981,1.032,0.931,0.941,0.901,0.922,0.959,0.984,1.028,1.064,1.055,1.127,1.204,1.285,1.125,1.235,1.196,1.205
Indonesia,5.474,5.413,5.338,5.251,5.152,5.043,4.927,4.806,4.682,4.557,4.43,4.301,4.167,4.028,3.887,3.745,3.606,3.472,3.346,3.229,3.122,3.022,2.929,2.842,2.761,2.688,2.627,2.579,2.544,2.523,2.512,2.509,2.511,2.513,2.515,2.514,2.51,2.505,2.499,2.492,2.483,2.471,2.455,2.436,2.414,2.389,2.363
Ireland,3.85,3.93,3.84,3.71,3.59,3.37,3.29,3.24,3.21,3.21,3.21,3.05,2.94,2.74,2.58,2.48,2.44,2.32,2.17,2.08,2.11,2.08,1.99,1.9,1.85,1.84,1.88,1.93,1.94,1.9,1.89,1.94,1.97,1.96,1.93,1.86,1.91,2.01,2.06,2.06,2.05,2.03,2,1.96,1.94,1.92,1.92
"Iran, Islamic Rep.",6.44,6.359,6.292,6.243,6.214,6.212,6.238,6.289,6.354,6.422,6.481,6.516,6.515,6.47,6.374,6.223,6.014,5.758,5.467,5.15,4.818,4.478,4.139,3.81,3.5,3.216,2.961,2.734,2.533,2.358,2.211,2.092,1.997,1.925,1.87,1.831,1.805,1.788,1.778,1.772,1.765,1.755,1.742,1.727,1.708,1.686,1.661
Iraq,7.362,7.308,7.234,7.153,7.072,6.993,6.915,6.834,6.748,6.658,6.569,6.485,6.407,6.338,6.276,6.22,6.164,6.105,6.039,5.965,5.882,5.794,5.702,5.61,5.517,5.423,5.325,5.221,5.112,5.002,4.894,4.796,4.711,4.644,4.594,4.563,4.549,4.547,4.552,4.559,4.562,4.557,4.542,4.515,4.476,4.427,4.37
Italy,2.38,2.4,2.35,2.3,2.28,2.17,2.04,1.93,1.84,1.73,1.64,1.58,1.56,1.51,1.46,1.42,1.35,1.33,1.36,1.33,1.33,1.3,1.3,1.25,1.21,1.19,1.2,1.21,1.21,1.23,1.26,1.25,1.27,1.29,1.34,1.34,1.37,1.4,1.45,1.45,1.46,1.44,1.43,1.39,1.37,1.35,1.35
Jamaica,5.477,5.305,5.108,4.899,4.685,4.478,4.286,4.115,3.965,3.839,3.733,3.643,3.559,3.477,3.394,3.308,3.223,3.142,3.069,3.003,2.947,2.899,2.86,2.826,2.797,2.768,2.738,2.704,2.666,2.623,2.577,2.529,2.482,2.439,2.398,2.361,2.325,2.289,2.251,2.212,2.173,2.136,2.102,2.072,2.047,2.026,2.009
Jordan,7.926,7.876,7.818,7.75,7.675,7.598,7.523,7.455,7.391,7.329,7.262,7.18,7.074,6.94,6.777,6.588,6.376,6.153,5.926,5.702,5.488,5.286,5.096,4.918,4.754,4.605,4.469,4.345,4.231,4.126,4.033,3.952,3.884,3.828,3.784,3.75,3.725,3.707,3.693,3.68,3.663,3.638,3.604,3.56,3.506,3.445,3.378
Japan,2.135,2.16,2.14,2.14,2.05,1.909,1.85,1.8,1.79,1.77,1.75,1.74,1.77,1.8,1.81,1.76,1.72,1.69,1.66,1.57,1.54,1.53,1.502,1.458,1.5,1.422,1.425,1.388,1.384,1.342,1.359,1.33,1.32,1.29,1.29,1.26,1.32,1.34,1.37,1.37,1.39,1.39,1.41,1.43,1.42,1.45,1.44
Kiribati,5.457,5.273,5.13,5.034,4.985,4.978,4.999,5.031,5.058,5.072,5.07,5.051,5.022,4.988,4.952,4.912,4.871,4.829,4.784,4.738,4.688,4.635,4.576,4.512,4.445,4.374,4.304,4.235,4.17,4.11,4.058,4.015,3.979,3.95,3.927,3.909,3.895,3.883,3.872,3.859,3.843,3.822,3.796,3.766,3.731,3.693,3.651
"Korea, Rep.",4.53,4.54,4.12,4.07,3.77,3.43,3,2.99,2.64,2.9,2.82,2.57,2.39,2.06,1.74,1.66,1.58,1.53,1.55,1.56,1.57,1.71,1.76,1.654,1.656,1.634,1.574,1.52,1.448,1.41,1.467,1.297,1.166,1.18,1.154,1.076,1.123,1.25,1.192,1.149,1.226,1.244,1.297,1.187,1.205,1.239,1.172
Kuwait,7.169,7.018,6.835,6.627,6.403,6.176,5.962,5.769,5.599,5.452,5.316,5.177,5.018,4.83,4.61,4.357,4.074,3.777,3.482,3.205,2.967,2.791,2.682,2.641,2.66,2.72,2.796,2.861,2.895,2.89,2.845,2.773,2.691,2.616,2.552,2.498,2.45,2.4,2.344,2.281,2.215,2.151,2.094,2.046,2.011,1.986,1.97
Lesotho,5.808,5.807,5.802,5.794,5.78,5.761,5.736,5.706,5.672,5.633,5.589,5.542,5.491,5.436,5.377,5.313,5.244,5.169,5.088,5.004,4.919,4.837,4.759,4.686,4.617,4.548,4.475,4.394,4.302,4.2,4.089,3.972,3.856,3.744,3.64,3.548,3.473,3.412,3.365,3.33,3.303,3.278,3.253,3.222,3.186,3.143,3.094
Luxembourg,1.97,1.95,1.75,1.58,1.58,1.55,1.48,1.5,1.48,1.48,1.5,1.55,1.49,1.43,1.42,1.38,1.43,1.4,1.51,1.52,1.6,1.6,1.64,1.7,1.72,1.7,1.77,1.71,1.68,1.74,1.76,1.66,1.63,1.62,1.66,1.63,1.65,1.61,1.61,1.59,1.63,1.52,1.57,1.55,1.5,1.47,1.47
"Macao SAR, China",2.167,1.979,1.818,1.679,1.562,1.478,1.437,1.445,1.499,1.591,1.709,1.835,1.953,2.046,2.104,2.121,2.094,2.031,1.944,1.838,1.722,1.606,1.495,1.395,1.309,1.238,1.175,1.116,1.056,0.995,0.938,0.889,0.852,0.831,0.827,0.84,0.869,0.909,0.957,1.008,1.061,1.112,1.16,1.205,1.245,1.28,1.311
Morocco,6.646,6.552,6.455,6.356,6.255,6.156,6.06,5.967,5.876,5.783,5.684,5.571,5.441,5.291,5.123,4.942,4.754,4.567,4.387,4.217,4.057,3.903,3.75,3.597,3.445,3.298,3.161,3.038,2.933,2.846,2.777,2.723,2.68,2.644,2.613,2.588,2.571,2.563,2.563,2.569,2.578,2.584,2.583,2.574,2.555,2.526,2.491
Mexico,6.83,6.789,6.7,6.558,6.366,6.13,5.864,5.587,5.317,5.064,4.836,4.635,4.457,4.296,4.151,4.019,3.899,3.786,3.678,3.573,3.47,3.369,3.273,3.182,3.097,3.018,2.946,2.88,2.821,2.766,2.716,2.669,2.623,2.579,2.536,2.495,2.456,2.421,2.391,2.364,2.341,2.318,2.295,2.27,2.243,2.215,2.184
Malta,2.03,2.06,2.01,1.65,1.64,2.27,2.21,2.14,2.05,2.1,1.99,1.87,1.9,1.92,1.95,1.95,1.93,1.97,2.06,2.1,2.04,2.04,2.11,2,1.88,1.81,2.03,1.98,1.88,1.77,1.7,1.48,1.45,1.48,1.4,1.38,1.36,1.35,1.43,1.42,1.36,1.45,1.43,1.38,1.42,1.45,1.45
Mongolia,7.569,7.546,7.497,7.413,7.294,7.144,6.969,6.78,6.587,6.395,6.209,6.033,5.864,5.696,5.526,5.345,5.14,4.906,4.644,4.356,4.052,3.746,3.451,3.18,2.941,2.738,2.57,2.43,2.312,2.216,2.143,2.096,2.076,2.083,2.112,2.165,2.239,2.331,2.434,2.539,2.637,2.716,2.774,2.805,2.811,2.793,2.757
Mozambique,6.84,6.824,6.801,6.769,6.729,6.683,6.633,6.585,6.539,6.499,6.464,6.436,6.413,6.392,6.373,6.354,6.332,6.308,6.281,6.248,6.211,6.167,6.119,6.067,6.015,5.964,5.919,5.882,5.853,5.832,5.818,5.807,5.795,5.781,5.761,5.736,5.706,5.674,5.639,5.602,5.562,5.519,5.472,5.421,5.365,5.305,5.243
Mauritania,6.784,6.773,6.757,6.736,6.709,6.676,6.638,6.596,6.551,6.504,6.457,6.411,6.367,6.324,6.283,6.244,6.206,6.168,6.128,6.085,6.04,5.991,5.939,5.883,5.825,5.765,5.703,5.64,5.576,5.514,5.453,5.394,5.337,5.283,5.232,5.183,5.139,5.097,5.059,5.021,4.983,4.942,4.897,4.848,4.794,4.736,4.674
Mauritius,3.952,3.741,3.575,3.444,3.341,3.255,3.169,3.071,2.954,2.818,2.672,2.532,2.412,2.325,2.16,2.02,1.99,2.05,2.14,2.23,2.32,2.3,2.37,2.21,2.25,2.14,2.12,2.04,1.97,2.05,1.99,1.91,1.94,1.87,1.92,1.88,1.77,1.74,1.67,1.59,1.57,1.55,1.54,1.44,1.43,1.36,1.4
Malaysia,5.014,4.88,4.757,4.64,4.528,4.425,4.331,4.249,4.179,4.12,4.068,4.021,3.974,3.925,3.872,3.816,3.759,3.703,3.65,3.6,3.554,3.51,3.466,3.422,3.372,3.313,3.238,3.145,3.036,2.913,2.784,2.657,2.539,2.438,2.355,2.293,2.249,2.217,2.191,2.169,2.149,2.129,2.11,2.092,2.074,2.056,2.037
North America,2.458480152,2.25381957,2.00705748,1.880087196,1.835199445,1.779034486,1.743860126,1.789189661,1.760810988,1.802526827,1.829385729,1.800599053,1.813495391,1.786897681,1.790609262,1.82636782,1.821025283,1.852466858,1.90807841,1.988919366,2.05512523,2.025128996,2.011421555,1.986698185,1.967511413,1.943430839,1.936897068,1.928213752,1.951489952,1.957270205,1.998998926,1.977578452,1.970116768,1.995357125,1.998955539,2.004944935,2.055446659,2.073502676,2.032486822,1.968189082,1.900165962,1.865695603,1.853541744,1.830123211,1.834121826,1.818955144,1.779849055
Niger,7.567,7.58,7.596,7.616,7.64,7.668,7.701,7.738,7.775,7.812,7.844,7.868,7.882,7.886,7.88,7.865,7.845,7.824,7.803,7.786,7.772,7.761,7.752,7.743,7.734,7.725,7.716,7.707,7.698,7.689,7.679,7.668,7.656,7.642,7.626,7.608,7.588,7.566,7.542,7.515,7.487,7.455,7.42,7.381,7.338,7.29,7.239
Nicaragua,6.892,6.855,6.807,6.748,6.678,6.597,6.51,6.42,6.327,6.232,6.132,6.022,5.9,5.762,5.611,5.448,5.278,5.104,4.931,4.762,4.597,4.433,4.27,4.105,3.942,3.78,3.623,3.473,3.331,3.201,3.083,2.978,2.887,2.807,2.738,2.677,2.622,2.571,2.522,2.475,2.428,2.383,2.34,2.3,2.264,2.231,2.2
Netherlands,2.57,2.36,2.15,1.9,1.77,1.66,1.63,1.58,1.58,1.56,1.6,1.56,1.5,1.47,1.49,1.51,1.55,1.56,1.55,1.55,1.62,1.61,1.59,1.57,1.57,1.53,1.53,1.56,1.63,1.65,1.72,1.71,1.73,1.75,1.72,1.71,1.72,1.72,1.77,1.79,1.79,1.76,1.72,1.68,1.71,1.66,1.66
Norway,2.5,2.49,2.38,2.23,2.13,1.98,1.86,1.75,1.77,1.75,1.72,1.7,1.71,1.66,1.66,1.68,1.71,1.74,1.84,1.89,1.93,1.92,1.88,1.86,1.87,1.87,1.89,1.86,1.81,1.85,1.85,1.78,1.75,1.8,1.83,1.84,1.9,1.9,1.96,1.98,1.95,1.88,1.85,1.78,1.75,1.72,1.72
New Zealand,3.158,3.194,3,2.696,2.57,2.331,2.273,2.229,2.07,2.12,2.03,2.01,1.95,1.92,1.93,1.93,1.96,2.03,2.1,2.12,2.18,2.16,2.12,2.05,2,1.99,1.96,1.96,1.89,1.97,1.98,1.97,1.89,1.93,1.98,1.97,2.01,2.18,2.19,2.13,2.17,2.09,2.1,2.01,1.92,1.99,1.87
Oman,7.311,7.35,7.414,7.504,7.617,7.747,7.885,8.018,8.137,8.232,8.299,8.338,8.352,8.34,8.299,8.222,8.101,7.933,7.719,7.462,7.165,6.831,6.472,6.098,5.72,5.346,4.981,4.63,4.297,3.989,3.716,3.484,3.293,3.142,3.029,2.952,2.909,2.892,2.89,2.897,2.901,2.896,2.878,2.846,2.799,2.737,2.666
Panama,5.173,5.06,4.939,4.81,4.675,4.537,4.398,4.26,4.128,4.002,3.884,3.775,3.675,3.581,3.494,3.413,3.336,3.262,3.19,3.121,3.057,2.999,2.95,2.909,2.877,2.852,2.83,2.81,2.789,2.767,2.744,2.72,2.698,2.679,2.663,2.651,2.643,2.637,2.632,2.628,2.622,2.613,2.601,2.585,2.565,2.541,2.514
Peru,6.378,6.239,6.099,5.963,5.832,5.705,5.578,5.447,5.31,5.167,5.021,4.875,4.733,4.6,4.475,4.358,4.249,4.142,4.037,3.933,3.828,3.722,3.617,3.514,3.413,3.317,3.226,3.142,3.064,2.993,2.929,2.871,2.818,2.77,2.725,2.684,2.648,2.616,2.589,2.566,2.545,2.525,2.504,2.481,2.456,2.429,2.4
Philippines,6.264,6.152,6.041,5.931,5.824,5.718,5.613,5.506,5.399,5.29,5.183,5.078,4.978,4.883,4.795,4.712,4.632,4.554,4.476,4.397,4.32,4.246,4.177,4.113,4.056,4.005,3.961,3.922,3.886,3.85,3.811,3.766,3.712,3.65,3.579,3.503,3.425,3.349,3.278,3.214,3.158,3.109,3.067,3.028,2.992,2.958,2.925
Portugal,3.01,3,2.86,2.77,2.7,2.75,2.82,2.69,2.45,2.31,2.25,2.13,2.07,1.95,1.9,1.72,1.66,1.62,1.61,1.57,1.56,1.56,1.54,1.52,1.45,1.41,1.44,1.47,1.47,1.5,1.55,1.45,1.46,1.44,1.4,1.41,1.37,1.35,1.39,1.34,1.39,1.35,1.28,1.21,1.23,1.31,1.31
Paraguay,5.739,5.591,5.458,5.351,5.272,5.223,5.198,5.189,5.186,5.183,5.174,5.155,5.126,5.087,5.037,4.974,4.9,4.818,4.73,4.639,4.547,4.457,4.368,4.282,4.196,4.108,4.014,3.911,3.798,3.678,3.553,3.431,3.315,3.21,3.119,3.04,2.97,2.907,2.846,2.787,2.73,2.675,2.625,2.581,2.542,2.509,2.48
Qatar,6.91,6.855,6.781,6.69,6.581,6.46,6.332,6.201,6.07,5.94,5.806,5.661,5.5,5.322,5.128,4.925,4.718,4.516,4.329,4.159,4.013,3.893,3.795,3.714,3.647,3.588,3.532,3.473,3.407,3.329,3.236,3.124,2.996,2.858,2.713,2.569,2.433,2.312,2.211,2.13,2.07,2.027,1.997,1.972,1.95,1.929,1.907
Senegal,7.289,7.296,7.299,7.299,7.296,7.293,7.294,7.298,7.304,7.311,7.312,7.3,7.271,7.221,7.152,7.063,6.962,6.853,6.744,6.636,6.53,6.426,6.322,6.214,6.105,5.995,5.884,5.774,5.667,5.565,5.471,5.387,5.314,5.252,5.201,5.161,5.132,5.111,5.095,5.08,5.063,5.038,5.003,4.959,4.904,4.84,4.769
Slovenia,2.231,2.22,2.213,2.207,2.202,2.195,2.183,2.166,2.14,2.106,2.064,2.016,1.93,1.81,1.74,1.71,1.67,1.65,1.63,1.52,1.46,1.42,1.33,1.33,1.32,1.29,1.28,1.25,1.23,1.21,1.26,1.21,1.21,1.2,1.25,1.26,1.31,1.38,1.53,1.53,1.57,1.56,1.58,1.55,1.58,1.57,1.57
Sweden,1.92,1.96,1.91,1.87,1.87,1.77,1.68,1.64,1.6,1.66,1.68,1.63,1.62,1.61,1.66,1.74,1.8,1.84,1.96,2.01,2.13,2.11,2.09,1.99,1.88,1.73,1.6,1.52,1.5,1.5,1.54,1.57,1.65,1.71,1.75,1.77,1.85,1.88,1.91,1.94,1.98,1.9,1.91,1.89,1.88,1.85,1.85
Swaziland,6.875,6.876,6.871,6.86,6.843,6.82,6.793,6.762,6.728,6.69,6.646,6.596,6.537,6.468,6.387,6.294,6.185,6.061,5.924,5.776,5.619,5.455,5.287,5.119,4.955,4.798,4.652,4.518,4.394,4.284,4.187,4.105,4.036,3.977,3.925,3.873,3.819,3.758,3.689,3.611,3.527,3.44,3.355,3.276,3.204,3.141,3.084
Syrian Arab Republic,7.572,7.566,7.556,7.537,7.51,7.472,7.422,7.359,7.285,7.197,7.094,6.976,6.843,6.695,6.534,6.359,6.168,5.962,5.746,5.526,5.31,5.107,4.923,4.762,4.625,4.509,4.41,4.319,4.229,4.138,4.043,3.944,3.844,3.744,3.648,3.556,3.471,3.394,3.325,3.264,3.21,3.16,3.113,3.065,3.016,2.966,2.916
Chad,6.528,6.582,6.636,6.688,6.736,6.78,6.82,6.857,6.892,6.925,6.958,6.99,7.023,7.056,7.089,7.124,7.161,7.199,7.238,7.276,7.313,7.346,7.376,7.399,7.416,7.425,7.426,7.419,7.405,7.384,7.354,7.315,7.268,7.212,7.147,7.074,6.992,6.901,6.803,6.699,6.592,6.482,6.372,6.263,6.155,6.05,5.947
Togo,7.084,7.136,7.182,7.222,7.254,7.275,7.286,7.284,7.27,7.245,7.207,7.158,7.099,7.031,6.954,6.869,6.775,6.672,6.561,6.444,6.324,6.202,6.082,5.965,5.855,5.755,5.666,5.588,5.52,5.461,5.41,5.364,5.32,5.276,5.229,5.179,5.123,5.064,5.001,4.936,4.868,4.798,4.727,4.656,4.586,4.517,4.45
Timor-Leste,5.917,5.751,5.541,5.298,5.037,4.794,4.611,4.514,4.513,4.606,4.767,4.956,5.13,5.256,5.324,5.336,5.308,5.271,5.256,5.273,5.34,5.469,5.651,5.874,6.125,6.384,6.627,6.832,6.986,7.079,7.112,7.092,7.037,6.965,6.881,6.79,6.694,6.59,6.477,6.357,6.234,6.109,5.983,5.859,5.737,5.618,5.503
Tonga,5.941,5.761,5.616,5.512,5.449,5.426,5.438,5.471,5.509,5.541,5.553,5.532,5.475,5.385,5.266,5.128,4.989,4.864,4.763,4.691,4.644,4.612,4.583,4.547,4.501,4.447,4.391,4.34,4.3,4.27,4.25,4.236,4.221,4.202,4.177,4.144,4.104,4.059,4.012,3.963,3.913,3.864,3.815,3.768,3.722,3.678,3.636
Tunisia,6.705,6.591,6.465,6.33,6.189,6.042,5.89,5.733,5.572,5.408,5.243,5.078,4.915,4.752,4.59,4.425,4.252,4.07,3.878,3.678,3.476,3.276,3.085,2.907,2.747,2.606,2.485,2.379,2.287,2.208,2.142,2.088,2.046,2.016,1.997,1.991,1.999,2.022,2.057,2.099,2.144,2.184,2.214,2.231,2.234,2.223,2.201
Turkey,5.619,5.529,5.429,5.316,5.191,5.058,4.921,4.785,4.654,4.528,4.405,4.282,4.155,4.021,3.883,3.741,3.598,3.461,3.331,3.213,3.107,3.016,2.937,2.868,2.809,2.755,2.705,2.657,2.607,2.556,2.503,2.451,2.4,2.353,2.31,2.273,2.241,2.214,2.192,2.172,2.155,2.139,2.124,2.108,2.09,2.072,2.053
Tanzania,6.771,6.765,6.761,6.758,6.755,6.751,6.743,6.73,6.711,6.685,6.653,6.618,6.58,6.542,6.504,6.465,6.424,6.379,6.328,6.273,6.213,6.148,6.081,6.013,5.946,5.883,5.828,5.78,5.741,5.711,5.689,5.675,5.666,5.659,5.651,5.638,5.616,5.584,5.542,5.489,5.427,5.359,5.287,5.215,5.146,5.079,5.016
Uruguay,2.902,2.938,2.969,2.989,2.995,2.983,2.953,2.907,2.852,2.789,2.726,2.666,2.615,2.574,2.546,2.53,2.524,2.524,2.525,2.525,2.52,2.509,2.49,2.465,2.435,2.4,2.363,2.327,2.294,2.266,2.242,2.222,2.205,2.189,2.174,2.158,2.142,2.126,2.11,2.094,2.078,2.063,2.048,2.033,2.019,2.007,1.995
United States,2.48,2.266,2.01,1.879,1.835,1.774,1.738,1.79,1.76,1.808,1.8395,1.812,1.8275,1.799,1.8065,1.844,1.8375,1.872,1.934,2.014,2.081,2.0625,2.046,2.0195,2.0015,1.978,1.976,1.971,1.999,2.0075,2.056,2.0305,2.0205,2.0475,2.0515,2.057,2.108,2.12,2.072,2.002,1.931,1.8945,1.8805,1.8575,1.8625,1.8435,1.8
"Venezuela, RB",5.404,5.219,5.053,4.905,4.779,4.67,4.574,4.483,4.391,4.296,4.199,4.104,4.014,3.933,3.861,3.794,3.73,3.665,3.597,3.524,3.448,3.37,3.292,3.218,3.147,3.082,3.022,2.967,2.915,2.867,2.822,2.779,2.739,2.701,2.664,2.629,2.595,2.562,2.53,2.5,2.472,2.444,2.417,2.391,2.366,2.341,2.317
Vietnam,6.465,6.421,6.35,6.251,6.125,5.973,5.8,5.614,5.423,5.232,5.046,4.865,4.691,4.521,4.359,4.205,4.062,3.929,3.802,3.68,3.553,3.415,3.26,3.089,2.904,2.714,2.529,2.359,2.213,2.096,2.01,1.954,1.92,1.901,1.894,1.894,1.901,1.911,1.923,1.936,1.946,1.953,1.957,1.959,1.96,1.958,1.954
World,4.770690967,4.66198628,4.532955547,4.405347493,4.285025607,4.155118393,4.041123365,3.940038499,3.848581911,3.780838458,3.722379357,3.666125424,3.636681391,3.603356534,3.571919735,3.542498762,3.505333785,3.460979895,3.405634203,3.332869336,3.258952764,3.168497978,3.081429499,2.993983116,2.922802738,2.85623495,2.803404399,2.756369666,2.720739011,2.688489956,2.66789074,2.639402003,2.619579891,2.60332024,2.589341951,2.570385662,2.561275855,2.552640321,2.542092606,2.523626265,2.508024079,2.491964594,2.48374575,2.468323838,2.461470581,2.451829486,2.439017626
Zambia,7.367,7.383,7.392,7.393,7.382,7.359,7.323,7.276,7.219,7.156,7.087,7.017,6.946,6.877,6.81,6.746,6.685,6.624,6.563,6.502,6.442,6.384,6.329,6.278,6.231,6.189,6.153,6.121,6.093,6.065,6.036,6.003,5.963,5.915,5.859,5.794,5.721,5.642,5.561,5.478,5.397,5.318,5.242,5.171,5.104,5.041,4.981