Country Name,1960,1961,1962,1963,1964,1965,1966,1967,1968,1969,1970,1971,1972,1973,1974,1975,1976,1977,1978,1979,1980,1981,1982,1983,1984,1985,1986,1987,1988,1989,1990,1991,1992,1993,1994,1995,1996,1997,1998,1999,2000,2001,2002,2003,2004,2005,2006,2007,2008,2009,2010,2011,2012,2013,2014,2015,2016
Albania,6.489,6.401,6.282,6.133,5.96,5.773,5.581,5.394,5.218,5.057,4.91,4.775,4.642,4.509,4.373,4.235,4.099,3.966,3.841,3.725,3.621,3.53,3.452,3.383,3.323,3.269,3.217,3.164,3.108,3.046,2.978,2.905,2.829,2.751,2.672,2.591,2.507,2.422,2.334,2.246,2.157,2.068,1.981,1.897,1.821,1.754,1.703,1.668,1.65,1.646,1.653,1.668,1.685,1.7,1.71,1.714,1.713
Australia,3.453,3.54,3.442,3.332,3.146,2.977,2.881,2.848,2.888,2.886,2.859,2.961,2.744,2.491,2.397,2.148,2.06,2.007,1.949,1.907,1.891,1.935,1.929,1.924,1.84,1.923,1.868,1.845,1.831,1.838,1.902,1.849,1.888,1.859,1.842,1.822,1.796,1.778,1.762,1.755,1.756,1.739,1.756,1.748,1.768,1.807,1.908,1.959,1.984,1.971,1.928,1.926,1.917,1.851,1.821,1.809,1.809
Azerbaijan,5.878,5.937,5.961,5.945,5.888,5.792,5.663,5.512,5.351,5.185,5.018,4.85,4.681,4.51,4.341,4.176,4.018,3.869,3.73,3.605,3.497,3.41,3.343,3.293,3.259,2.91,2.9,2.9026,2.8,2.8,2.74,2.87,2.74,2.7,2.52,2.29,2.06,2.07,2,2.07,2,1.8,1.8,1.9,2.0535,2,1.97,1.97,1.9,1.82,1.92,1.96,2,1.98,1.97,1.94,1.94
Burkina Faso,6.291,6.316,6.344,6.377,6.414,6.454,6.493,6.53,6.563,6.593,6.623,6.657,6.697,6.744,6.799,6.859,6.922,6.984,7.041,7.09,7.127,7.152,7.165,7.167,7.159,7.142,7.119,7.092,7.064,7.036,7.007,6.979,6.95,6.917,6.882,6.844,6.801,6.754,6.704,6.65,6.592,6.531,6.468,6.403,6.335,6.265,6.192,6.116,6.036,5.953,5.868,5.781,5.693,5.607,5.521,5.436,5.353
Bulgaria,2.31,2.29,2.24,2.21,2.19,2.09,2.03,2.02,2.27,2.27,2.17,2.1,2.03,2.15,2.29,2.23,2.24,2.21,2.15,2.16,2.05,2,2.01,2.01,2.01,1.97,2.02,1.96,1.97,1.9,1.82,1.66,1.55,1.46,1.37,1.23,1.23,1.09,1.11,1.23,1.26,1.21,1.23,1.26,1.33,1.37,1.44,1.49,1.56,1.66,1.57,1.51,1.5,1.48,1.53,1.53,1.53
Belize,6.5,6.48,6.46,6.44,6.42,6.4,6.379,6.358,6.337,6.316,6.299,6.288,6.284,6.285,6.287,6.278,6.25,6.195,6.109,5.992,5.849,5.684,5.51,5.336,5.17,5.019,4.886,4.771,4.671,4.584,4.508,4.436,4.363,4.286,4.201,4.109,4.01,3.908,3.805,3.703,3.6,3.496,3.39,3.282,3.175,3.072,2.977,2.893,2.821,2.762,2.715,2.676,2.642,2.61,2.578,2.544,2.51
Switzerland,2.44,2.52,2.58,2.65,2.66,2.59,2.5,2.39,2.29,2.19,2.1,2.04,1.91,1.81,1.73,1.61,1.55,1.53,1.51,1.52,1.55,1.55,1.56,1.52,1.53,1.52,1.53,1.52,1.57,1.56,1.58,1.58,1.58,1.51,1.49,1.48,1.5,1.48,1.47,1.48,1.5,1.38,1.39,1.39,1.42,1.42,1.44,1.46,1.48,1.5,1.52,1.52,1.52,1.52,1.54,1.54,1.54
Chile,5.102,5.054,4.996,4.926,4.844,4.747,4.632,4.499,4.351,4.189,4.019,3.844,3.672,3.506,3.353,3.215,3.095,2.993,2.906,2.834,2.778,2.737,2.709,2.691,2.678,2.667,2.654,2.637,2.614,2.584,2.547,2.503,2.456,2.408,2.36,2.313,2.269,2.225,2.183,2.144,2.107,2.074,2.046,2.022,2.001,1.982,1.964,1.945,1.925,1.903,1.879,1.856,1.834,1.815,1.798,1.785,1.774
Colombia,6.807,6.801,6.779,6.736,6.668,6.567,6.425,6.246,6.034,5.797,5.548,5.3,5.067,4.857,4.675,4.523,4.396,4.284,4.177,4.071,3.965,3.855,3.744,3.634,3.526,3.42,3.32,3.227,3.142,3.065,2.994,2.927,2.86,2.794,2.727,2.66,2.596,2.535,2.481,2.432,2.389,2.349,2.311,2.274,2.236,2.197,2.157,2.118,2.08,2.044,2.01,1.978,1.948,1.921,1.897,1.874,1.853
Cabo Verde,6.885,6.922,6.953,6.976,6.989,6.993,6.99,6.982,6.97,6.954,6.935,6.913,6.887,6.855,6.818,6.771,6.714,6.645,6.564,6.473,6.375,6.274,6.174,6.075,5.979,5.883,5.784,5.68,5.565,5.441,5.307,5.162,5.011,4.856,4.698,4.539,4.38,4.222,4.065,3.911,3.762,3.62,3.484,3.357,3.237,3.126,3.022,2.925,2.833,2.747,2.666,2.593,2.528,2.47,2.419,2.374,2.334
Denmark,2.57,2.55,2.55,2.67,2.6,2.61,2.62,2.35,2.12,2,1.95,2.04,2.03,1.92,1.9,1.92,1.75,1.66,1.67,1.6,1.55,1.44,1.43,1.38,1.4,1.45,1.48,1.5,1.56,1.62,1.67,1.68,1.76,1.75,1.81,1.8,1.75,1.75,1.72,1.73,1.77,1.74,1.72,1.76,1.78,1.8,1.85,1.84,1.89,1.84,1.87,1.75,1.73,1.67,1.69,1.71,1.71
Dominican Republic,7.555,7.487,7.404,7.303,7.186,7.053,6.903,6.738,6.561,6.375,6.182,5.983,5.781,5.58,5.382,5.193,5.014,4.847,4.693,4.552,4.422,4.303,4.19,4.082,3.978,3.878,3.783,3.694,3.612,3.537,3.465,3.397,3.329,3.262,3.195,3.13,3.069,3.014,2.966,2.926,2.892,2.862,2.835,2.807,2.779,2.749,2.718,2.687,2.656,2.626,2.597,2.568,2.539,2.51,2.481,2.451,2.422
Spain,2.86,2.77,2.8,2.88,3.01,2.94,2.91,2.94,2.87,2.86,2.84,2.9,2.87,2.84,2.88,2.77,2.77,2.65,2.54,2.37,2.22,2.04,1.94,1.8,1.73,1.64,1.56,1.49,1.45,1.4,1.36,1.33,1.31,1.26,1.19,1.16,1.14,1.15,1.13,1.17,1.22,1.23,1.25,1.3,1.31,1.33,1.36,1.38,1.45,1.38,1.37,1.34,1.32,1.27,1.32,1.33,1.33
Finland,2.72,2.72,2.68,2.68,2.59,2.48,2.41,2.32,2.14,1.93,1.83,1.68,1.58,1.49,1.61,1.68,1.7,1.68,1.64,1.64,1.63,1.64,1.71,1.74,1.69,1.64,1.6,1.59,1.69,1.71,1.78,1.79,1.85,1.81,1.85,1.81,1.76,1.75,1.7,1.73,1.73,1.73,1.72,1.76,1.8,1.8,1.84,1.83,1.85,1.86,1.87,1.83,1.8,1.75,1.71,1.65,1.65
Guatemala,6.896,6.859,6.824,6.794,6.767,6.744,6.724,6.705,6.685,6.664,6.642,6.62,6.599,6.578,6.558,6.535,6.51,6.48,6.443,6.399,6.342,6.271,6.185,6.086,5.977,5.865,5.757,5.658,5.572,5.5,5.437,5.38,5.32,5.252,5.174,5.087,4.993,4.895,4.797,4.699,4.598,4.49,4.372,4.245,4.11,3.971,3.833,3.701,3.58,3.471,3.375,3.292,3.219,3.151,3.089,3.029,2.973
Honduras,7.458,7.448,7.443,7.441,7.443,7.442,7.435,7.417,7.383,7.334,7.27,7.195,7.111,7.025,6.935,6.844,6.749,6.649,6.543,6.431,6.313,6.19,6.062,5.932,5.802,5.674,5.553,5.439,5.333,5.233,5.139,5.046,4.952,4.853,4.749,4.64,4.525,4.408,4.291,4.173,4.055,3.936,3.815,3.693,3.57,3.447,3.325,3.204,3.087,2.975,2.871,2.777,2.694,2.621,2.559,2.507,2.462
Croatia,2.288,2.253,2.218,2.18,2.14,2.1,2.062,2.03,2.006,1.989,1.979,1.973,1.967,1.96,1.95,1.937,1.925,1.913,1.903,1.895,1.888,1.879,1.9,1.88,1.87,1.82,1.76,1.64,1.79,1.63,1.63,1.53,1.48,1.52,1.47,1.58,1.67,1.69,1.45,1.38,1.39,1.46,1.42,1.41,1.43,1.5,1.47,1.48,1.55,1.58,1.55,1.48,1.51,1.46,1.46,1.4,1.4
Hungary,2.02,1.94,1.79,1.82,1.82,1.82,1.89,2.01,2.06,2.04,1.98,1.93,1.93,1.93,2.27,2.35,2.23,2.15,2.06,2.01,1.91,1.88,1.8,1.75,1.75,1.85,1.84,1.82,1.81,1.82,1.87,1.87,1.77,1.68,1.64,1.57,1.46,1.37,1.32,1.28,1.32,1.31,1.3,1.27,1.28,1.31,1.34,1.32,1.35,1.32,1.25,1.23,1.34,1.35,1.44,1.45,1.45
Israel,3.866,3.858,3.85,3.838,3.826,3.814,3.802,3.79,3.786,3.782,3.778,3.774,3.77,3.698,3.626,3.554,3.482,3.41,3.354,3.298,3.242,3.186,3.13,3.106,3.082,3.058,3.034,3.01,2.948,2.886,2.824,2.762,2.7,2.8,2.9,2.9,2.9,2.94,2.98,2.965,2.95,2.92,2.89,2.95,2.9,2.84,2.88,2.9,2.96,2.96,3.03,2.98,3.05,3.03,3.08,3.09,3.11
Kyrgyz Republic,5.469,5.516,5.532,5.517,5.475,5.417,5.354,5.295,5.245,5.207,5.177,5.147,5.105,5.047,4.97,4.876,4.77,4.66,4.553,4.454,4.367,4.296,4.24,4.195,4.16,4.13,4.1,4.065,4.02,3.875,3.63,3.58,3.52,3.2,2.9,3.1,2.8,2.6,2.7,2.6,2.4,2.4,2.4,2.5,2.6,2.5,2.7,2.7,2.8,2.9,3.1,3.1,3.2,3.1,3.2,3.2,3.1
Lao PDR,5.961,5.964,5.966,5.969,5.971,5.973,5.974,5.973,5.973,5.972,5.974,5.979,5.99,6.006,6.029,6.059,6.096,6.139,6.186,6.233,6.277,6.315,6.345,6.363,6.369,6.361,6.342,6.313,6.274,6.222,6.151,6.054,5.928,5.772,5.589,5.385,5.165,4.939,4.717,4.506,4.311,4.137,3.983,3.845,3.724,3.615,3.517,3.423,3.331,3.24,3.149,3.059,2.974,2.895,2.823,2.758,2.698
Lebanon,5.739,5.724,5.694,5.647,5.583,5.501,5.403,5.295,5.181,5.064,4.948,4.836,4.73,4.629,4.534,4.444,4.357,4.271,4.182,4.092,3.997,3.898,3.796,3.692,3.587,3.482,3.379,3.279,3.182,3.09,3.002,2.919,2.841,2.765,2.691,2.617,2.543,2.468,2.39,2.31,2.225,2.134,2.037,1.938,1.839,1.75,1.678,1.628,1.601,1.598,1.614,1.641,1.671,1.696,1.713,1.72,1.719
Lesotho,5.839,5.829,5.82,5.812,5.806,5.802,5.801,5.803,5.805,5.807,5.808,5.807,5.802,5.794,5.78,5.761,5.736,5.706,5.672,5.633,5.589,5.542,5.491,5.436,5.377,5.313,5.244,5.169,5.088,5.004,4.919,4.837,4.759,4.686,4.617,4.548,4.475,4.394,4.302,4.2,4.089,3.972,3.856,3.744,3.64,3.548,3.473,3.412,3.365,3.33,3.303,3.278,3.253,3.222,3.186,3.143,3.094
Lithuania,2.56,2.53,2.45,2.35,2.28,2.23,2.22,2.23,2.24,2.3,2.4,2.41,2.34,2.22,2.21,2.18,2.18,2.14,2.08,2.05,1.99,1.98,1.97,2.1,2.07,2.08,2.12,2.11,2.02,1.98,2.03,2.01,1.97,1.74,1.57,1.55,1.49,1.47,1.46,1.46,1.39,1.29,1.23,1.26,1.27,1.29,1.33,1.36,1.45,1.5,1.5,1.55,1.6,1.59,1.63,1.7,1.7
Mexico,6.768,6.762,6.758,6.754,6.752,6.755,6.768,6.789,6.813,6.831,6.83,6.789,6.7,6.558,6.366,6.13,5.864,5.587,5.317,5.064,4.836,4.635,4.457,4.296,4.151,4.019,3.899,3.786,3.678,3.573,3.47,3.369,3.273,3.182,3.097,3.018,2.946,2.88,2.821,2.766,2.716,2.669,2.623,2.579,2.536,2.495,2.456,2.421,2.391,2.364,2.341,2.318,2.295,2.27,2.243,2.215,2.184
Mongolia,6.953,7.168,7.347,7.477,7.558,7.593,7.599,7.591,7.584,7.578,7.569,7.546,7.497,7.413,7.294,7.144,6.969,6.78,6.587,6.395,6.209,6.033,5.864,5.696,5.526,5.345,5.14,4.906,4.644,4.356,4.052,3.746,3.451,3.18,2.941,2.738,2.57,2.43,2.312,2.216,2.143,2.096,2.076,2.083,2.112,2.165,2.239,2.331,2.434,2.539,2.637,2.716,2.774,2.805,2.811,2.793,2.757
Mauritius,6.167,6.178,6.124,5.993,5.785,5.51,5.187,4.847,4.516,4.213,3.952,3.741,3.575,3.444,3.341,3.255,3.169,3.071,2.954,2.818,2.672,2.532,2.412,2.325,2.16,2.02,1.99,2.05,2.14,2.23,2.32,2.3,2.37,2.21,2.25,2.14,2.12,2.04,1.97,2.05,1.99,1.91,1.94,1.87,1.92,1.88,1.77,1.74,1.67,1.59,1.57,1.55,1.54,1.44,1.43,1.36,1.4
Niger,7.454,7.473,7.49,7.505,7.518,7.529,7.537,7.544,7.551,7.558,7.567,7.58,7.596,7.616,7.64,7.668,7.701,7.738,7.775,7.812,7.844,7.868,7.882,7.886,7.88,7.865,7.845,7.824,7.803,7.786,7.772,7.761,7.752,7.743,7.734,7.725,7.716,7.707,7.698,7.689,7.679,7.668,7.656,7.642,7.626,7.608,7.588,7.566,7.542,7.515,7.487,7.455,7.42,7.381,7.338,7.29,7.239
Norway,2.85,2.94,2.91,2.93,2.98,2.94,2.9,2.81,2.75,2.7,2.5,2.49,2.38,2.23,2.13,1.98,1.86,1.75,1.77,1.75,1.72,1.7,1.71,1.66,1.66,1.68,1.71,1.74,1.84,1.89,1.93,1.92,1.88,1.86,1.87,1.87,1.89,1.86,1.81,1.85,1.85,1.78,1.75,1.8,1.83,1.84,1.9,1.9,1.96,1.98,1.95,1.88,1.85,1.78,1.75,1.72,1.72
New Zealand,4.03,3.975,4.107,3.989,3.733,3.54,3.41,3.354,3.332,3.269,3.158,3.194,3,2.696,2.57,2.331,2.273,2.229,2.07,2.12,2.03,2.01,1.95,1.92,1.93,1.93,1.96,2.03,2.1,2.12,2.18,2.16,2.12,2.05,2,1.99,1.96,1.96,1.89,1.97,1.98,1.97,1.89,1.93,1.98,1.97,2.01,2.18,2.19,2.13,2.17,2.09,2.1,2.01,1.92,1.99,1.87
Pakistan,6.6,6.6,6.6,6.6,6.6,6.6,6.6,6.6,6.6,6.6,6.601,6.602,6.605,6.608,6.611,6.612,6.608,6.599,6.583,6.561,6.535,6.508,6.483,6.46,6.436,6.407,6.367,6.31,6.234,6.138,6.024,5.896,5.76,5.622,5.482,5.342,5.198,5.048,4.892,4.733,4.58,4.438,4.314,4.211,4.129,4.067,4.02,3.98,3.942,3.901,3.855,3.802,3.744,3.682,3.617,3.55,3.481
Peru,6.971,6.97,6.963,6.948,6.921,6.878,6.816,6.733,6.63,6.51,6.378,6.239,6.099,5.963,5.832,5.705,5.578,5.447,5.31,5.167,5.021,4.875,4.733,4.6,4.475,4.358,4.249,4.142,4.037,3.933,3.828,3.722,3.617,3.514,3.413,3.317,3.226,3.142,3.064,2.993,2.929,2.871,2.818,2.77,2.725,2.684,2.648,2.616,2.589,2.566,2.545,2.525,2.504,2.481,2.456,2.429,2.4
Poland,2.98,2.83,2.72,2.7,2.57,2.52,2.34,2.33,2.24,2.2,2.2,2.25,2.24,2.26,2.26,2.27,2.3,2.23,2.21,2.28,2.28,2.24,2.34,2.42,2.37,2.33,2.22,2.15,2.13,2.08,2.06,2.07,1.95,1.87,1.81,1.62,1.59,1.51,1.44,1.38,1.37,1.31,1.25,1.22,1.23,1.24,1.27,1.31,1.39,1.4,1.41,1.33,1.33,1.29,1.32,1.32,1.32
Senegal,6.996,7.037,7.078,7.117,7.154,7.186,7.215,7.24,7.26,7.276,7.289,7.296,7.299,7.299,7.296,7.293,7.294,7.298,7.304,7.311,7.312,7.3,7.271,7.221,7.152,7.063,6.962,6.853,6.744,6.636,6.53,6.426,6.322,6.214,6.105,5.995,5.884,5.774,5.667,5.565,5.471,5.387,5.314,5.252,5.201,5.161,5.132,5.111,5.095,5.08,5.063,5.038,5.003,4.959,4.904,4.84,4.769
El Salvador,6.674,6.679,6.67,6.645,6.606,6.552,6.488,6.415,6.337,6.255,6.172,6.087,6,5.91,5.816,5.717,5.609,5.493,5.369,5.237,5.1,4.96,4.82,4.684,4.554,4.433,4.322,4.221,4.129,4.043,3.964,3.889,3.815,3.74,3.662,3.577,3.482,3.377,3.263,3.144,3.022,2.903,2.792,2.691,2.604,2.529,2.465,2.41,2.358,2.31,2.265,2.224,2.187,2.155,2.126,2.101,2.079
Tajikistan,6.547,6.661,6.76,6.844,6.911,6.962,6.999,7.024,7.035,7.031,7.003,6.943,6.845,6.714,6.553,6.376,6.197,6.029,5.885,5.77,5.688,5.64,5.613,5.599,5.588,5.573,5.543,5.495,5.427,5.336,5.226,5.101,4.971,4.841,4.714,4.588,4.461,4.327,4.188,4.045,3.907,3.781,3.675,3.591,3.533,3.498,3.485,3.486,3.493,3.502,3.507,3.504,3.492,3.472,3.442,3.404,3.36
Timor-Leste,6.373,6.376,6.375,6.367,6.347,6.314,6.268,6.207,6.132,6.039,5.917,5.751,5.541,5.298,5.037,4.794,4.611,4.514,4.513,4.606,4.767,4.956,5.13,5.256,5.324,5.336,5.308,5.271,5.256,5.273,5.34,5.469,5.651,5.874,6.125,6.384,6.627,6.832,6.986,7.079,7.112,7.092,7.037,6.965,6.881,6.79,6.694,6.59,6.477,6.357,6.234,6.109,5.983,5.859,5.737,5.618,5.503
"Venezuela, RB",6.616,6.637,6.628,6.581,6.495,6.368,6.203,6.014,5.811,5.605,5.404,5.219,5.053,4.905,4.779,4.67,4.574,4.483,4.391,4.296,4.199,4.104,4.014,3.933,3.861,3.794,3.73,3.665,3.597,3.524,3.448,3.37,3.292,3.218,3.147,3.082,3.022,2.967,2.915,2.867,2.822,2.779,2.739,2.701,2.664,2.629,2.595,2.562,2.53,2.5,2.472,2.444,2.417,2.391,2.366,2.341,2.317